id	name	school	portrait_width	portrait_height	existing	portrait_source	primary_color	secondary_color
ayaneko_halo	アヤネ	abydos	336	1024	true	existing	F54845	FFA09E
shiroko_halo	シロコ	abydos	540	1024	true	existing	45E9F5	9EF9FF
serlka_halo	セリカ	abydos	532	1024	true	existing	F54592	FF9EC9
nonomi_halo	ノノミ	abydos	614	1024	true	existing	D2F545	ECFF9E
hoshino_halo	ホシノ	abydos	673	1024	true	existing	F54561	FF9EAE
kuroko_halo	シロコ＊テラー	abydos	1125	1517	true	existing	45F5E0	9EFFF3
yume_halo	ユメ	abydos	609	1229	true	existing	F5BB45	FFDF9E
atsuko_halo	アツコ	arius	834	1306	false	standing	4569F5	9EB2FF
saori_halo	サオリ	arius	738	1248	false	standing	457DF5	9EBDFF
hiyori_halo	ヒヨリ	arius	788	1010	false	standing	45DBF5	9EF1FF
misaki_halo	ミサキ	arius	728	1083	false	standing	F5458A	FF9EC4
subaru_halo	スバル	arius	619	1400	false	standing	CF45F5	EA9EFF
kanna_halo	カンナ	valkyrie	501	1378	false	standing	45CAF5	9EE7FF
konoka_halo	コノカ	valkyrie	534	1302	false	standing	45BFF5	9EE2FF
kirino_halo	キリノ	valkyrie	534	950	false	standing	456EF5	9EB5FF
fubuki_halo	フブキ	valkyrie	602	1044	false	standing	F5458D	FF9EC6
ibuki_halo	イブキ	gehenna	656	1050	false	standing	F5AA45	FFD69E
iroha_halo	イロハ	gehenna	626	1120	false	standing	4553F5	9EA6FF
satsuki_halo	サツキ	gehenna	717	1500	false	standing	F54545	FF9E9F
chiaki_halo	チアキ	gehenna	746	1324	false	standing	F54573	FF9EB7
makoto_halo	マコト	gehenna	1030	1377	false	standing	F5457B	FF9EBC
ako_halo	アコ	gehenna	350	1056	false	standing	457EF5	9EBEFF
iori_halo	イオリ	gehenna	916	1200	false	standing	4B45F5	A19EFF
chinatsu_halo	チナツ	gehenna	554	1100	false	standing	F54D45	FFA39E
hina_halo	ヒナ	gehenna	1400	927	true	existing	AA45F5	D69EFF
aru_halo	アル	gehenna	614	1024	false	standing	F55345	FFA69E
kayoko_halo	カヨコ	gehenna	403	1022	true	existing	F5DC45	FFF19E
haruka_halo	ハルカ	gehenna	365	1024	false	standing	D545F5	ED9EFF
mutsuki_halo	ムツキ	gehenna	849	1024	false	standing	F5455C	FF9EAB
akari_halo	アカリ	gehenna	679	1121	false	standing	45ACF5	9ED7FF
izumi_halo	イズミ	gehenna	943	1200	false	standing	F5BC45	FFE09E
junko_halo	ジュンコ	gehenna	637	1024	false	standing	F54572	FF9EB7
haruna_halo	ハルナ	gehenna	634	1024	false	standing	F55F45	FFAD9E
sena_halo	セナ	gehenna	699	1273	false	standing	6C45F5	B49EFF
juri_halo	ジュリ	gehenna	628	1024	false	standing	458FF5	9EC7FF
fuuka_halo	フウカ	gehenna	578	1024	false	standing	F5455E	FF9EAC
kasumi_halo	カスミ	gehenna	928	1200	false	standing	F55245	FFA69E
megu_halo	メグ	gehenna	869	1147	false	standing	F5454A	FF9EA1
erika_halo	エリカ	gehenna	592	1294	false	standing	4574F5	9EB8FF
kirara_halo	キララ	gehenna	638	1221	false	standing	F54591	FF9EC8
kisaki_halo	キサキ	shanhaijing	534	1194	false	standing	4575F5	9EB9FF
mina_halo	ミナ	shanhaijing	648	1418	false	standing	45F54B	9EFFA2
rumi_halo	ルミ	shanhaijing	454	1311	false	standing	F54545	FF9E9E
reijo_halo	レイジョ	shanhaijing	437	1299	false	standing	F54571	FF9EB7
saya_halo	サヤ	shanhaijing	648	1000	false	standing	4560F5	9EADFF
kokona_halo	ココナ	shanhaijing	706	1028	false	standing	459AF5	9ECDFF
shun_halo	シュン	shanhaijing	1045	1536	true	existing	459EF5	9ECFFF
seia_halo	セイア	trinity	824	1400	true	existing	F5A945	FFD59E
nagisa_halo	ナギサ	trinity	806	1195	false	standing	F5456C	FF9EB4
mika_halo	ミカ	trinity	816	1367	true	existing	FF9ED2	FFE0F0
ichika_halo	イチカ	trinity	796	1178	false	standing	F5454E	FF9EA3
tsurugi_halo	ツルギ	trinity	802	994	false	standing	F54554	FF9EA7
hasumi_halo	ハスミ	trinity	875	1090	false	standing	F54645	FF9F9E
mashiro_halo	マシロ	trinity	886	1504	false	standing	F54548	FF9EA0
sakurako_halo	サクラコ	trinity	768	1395	false	standing	F5A245	FFD19E
hinata_halo	ヒナタ	trinity	688	1087	false	standing	F5C445	FFE49E
mari_halo	マリー	trinity	577	1280	true	existing	F5CC45	FFE89E
ui_halo	ウイ	trinity	784	1280	false	standing	F59745	FFCC9E
shimiko_halo	シミコ	trinity	627	970	false	standing	F5C545	FFE59E
shirasuazusa_halo	アズサ	trinity	849	1128	true	existing	F5BF45	FFE19E
koharu_halo	コハル	trinity	754	1174	false	standing	F5456A	FF9EB2
hanako_halo	ハナコ	trinity	652	1333	false	standing	F55345	FFA69E
hifumi_halo	ヒフミ	trinity	556	1024	false	standing	F5DD45	FFF29E
airi_halo	アイリ	trinity	500	1024	false	standing	45F5C4	9EFFE4
kazusa_halo	カズサ	trinity	840	1396	false	standing	F5459C	FF9ECE
natsu_halo	ナツ	trinity	403	1280	true	existing	F55445	FFA79E
yoshimi_halo	ヨシミ	trinity	497	1024	false	standing	F5B545	FFDC9E
serina_halo	セリナ	trinity	516	1068	false	standing	F5B945	FFDE9E
hanae_halo	ハナエ	trinity	612	978	false	standing	F5458A	FF9EC4
mine_halo	ミネ	trinity	1079	1516	false	standing	F59645	FFCB9E
suzumi_halo	スズミ	trinity	664	1110	false	standing	A545F5	D39EFF
reisa_halo	レイサ	trinity	570	1020	false	standing	F54586	FF9EC2
rabu_halo	ラブ	trinity	660	1270	false	standing	F54561	FF9EAE
juguang_halo	ヒカリ	highlander	466	1027	true	existing	E4F545	F6FF9E
juwang_halo	ノゾミ	highlander	536	1030	true	existing	C1F545	E3FF9E
aoba_halo	アオバ	highlander	586	1200	false	standing	F5AD45	FFD89E
kaho_halo	カホ	hyakkiyako	645	1286	false	standing	F5A545	FFD39E
chise_halo	チセ	hyakkiyako	760	1100	false	standing	45A1F5	9ED1FF
niya_halo	ニヤ	hyakkiyako	688	1356	false	standing	F54545	FF9E9E
kikyou_halo	キキョウ	hyakkiyako	746	1290	false	standing	45AEF5	9ED8FF
nagusa_halo	ナグサ	hyakkiyako	1061	1335	false	standing	F54545	FF9F9E
yukari_halo	ユカリ	hyakkiyako	1030	1227	false	standing	C945F5	E79EFF
renge_halo	レンゲ	hyakkiyako	871	1363	false	standing	F5456A	FF9EB3
umika_halo	ウミカ	hyakkiyako	635	1321	false	standing	45DBF5	9EF1FF
shizuko_halo	シズコ	hyakkiyako	720	1085	false	standing	F54566	FF9EB1
fiina_halo	フィーナ	hyakkiyako	862	1024	false	standing	F55C45	FFAB9E
izuna_halo	イズナ	hyakkiyako	657	1100	false	standing	F5459C	FF9ECE
tsukuyo_halo	ツクヨ	hyakkiyako	572	1274	false	standing	AC45F5	D79EFF
michiru_halo	ミチル	hyakkiyako	788	1060	false	standing	F5458D	FF9EC6
kaede_halo	カエデ	hyakkiyako	702	1100	false	standing	F54564	FF9EAF
tsubaki_halo	ツバキ	hyakkiyako	766	950	false	standing	F54546	FF9E9F
mimori_halo	ミモリ	hyakkiyako	756	1200	false	standing	F54565	FF9EB0
wakamo_halo	ワカモ	hyakkiyako	1013	1327	false	standing	F54549	FF9EA1
koyuki_halo	コユキ	millennium	870	1217	false	standing	F54588	FF9EC3
noa_halo	ノア	millennium	627	1134	false	standing	45A2F5	9ED1FF
yuuka_halo	ユウカ	millennium	503	1024	false	standing	45B0F5	9ED9FF
rio_halo	リオ	millennium	591	1290	false	standing	F54548	FF9EA0
tendouaris_halo	アリス	millennium	916	1035	true	existing	45F5C4	9EFFE4
midori_halo	ミドリ	millennium	905	1200	true	existing	45F566	9EFFB0
momoi_halo	モモイ	millennium	887	1054	true	existing	F54572	FF9EB7
yuzu_halo	ユズ	millennium	601	1102	true	existing	F5B345	FFDB9E
akane_halo	アカネ	millennium	664	1100	false	standing	F5AC45	FFD79E
asuna_halo	アスナ	millennium	677	1024	false	standing	45D8F5	9EEFFF
karin_halo	カリン	millennium	961	1200	false	standing	C345F5	E49EFF
toki_halo	トキ	millennium	655	1378	false	standing	45B9F5	9EDEFF
neru_halo	ネル	millennium	726	1000	false	standing	F5BE45	FFE19E
utaha_halo	ウタハ	millennium	762	1200	false	standing	F545CE	FF9EEA
kotori_halo	コトリ	millennium	587	1024	false	standing	F59245	FFC99E
hibiki_halo	ヒビキ	millennium	634	1000	false	standing	F5D445	FFED9E
kotama_halo	コタマ	millennium	512	1024	false	standing	6845F5	B29EFF
chihiro_halo	チヒロ	millennium	646	1234	false	standing	45C6F5	9EE5FF
hare_halo	ハレ	millennium	606	1024	false	standing	F5EA45	FFF99E
maki_halo	マキ	millennium	793	1100	false	standing	F5454F	FF9EA4
sumire_halo	スミレ	millennium	768	1200	false	standing	CD45F5	E99EFF
rei_halo	レイ	millennium	521	1203	false	standing	F57145	FFB79E
eimi_halo	エイミ	millennium	604	1024	false	standing	F5459F	FF9ED0
kaiyi_halo	ケイ	millennium	1105	1300	true	existing	F54585	FF9EC1
himari_halo	ヒマリ	millennium	894	1208	false	standing	F545CC	FF9EE9
cherino_halo	チェリノ	redwinter	823	1000	false	standing	45C0F5	9EE2FF
tomoe_halo	トモエ	redwinter	768	1280	false	standing	F5456C	FF9EB4
marina_halo	マリナ	redwinter	523	1048	false	standing	F5455A	FF9EAA
shigure_halo	シグレ	redwinter	535	1049	false	standing	4545F5	9E9EFF
nodoka_halo	ノドカ	redwinter	715	1001	false	standing	F55245	FFA69E
minori_halo	ミノリ	redwinter	580	1259	false	standing	45F4F5	9EFFFF
meru_halo	メル	redwinter	582	938	false	standing	E745F5	F79EFF
momiji_halo	モミジ	redwinter	666	929	false	standing	4586F5	9EC2FF
takane_halo	タカネ	redwinter	481	1160	false	standing	F54565	FF9EB0
yakumo_halo	ヤクモ	redwinter	451	1053	false	standing	45BCF5	9EE0FF
eri_halo	エリ	wildhunt	954	1536	false	standing	F5B645	FFDD9E
kanoe_halo	カノエ	wildhunt	582	1536	false	standing	F58345	FFC09E
rena_halo	レナ	wildhunt	477	1300	false	standing	F5AB45	FFD79E
fuyu_halo	フユ	wildhunt	600	1400	false	standing	F5D445	FFED9E
miyo_halo	ミヨ	wildhunt	481	1300	false	standing	96F545	CBFF9E
ritsu_halo	リツ	wildhunt	844	1300	false	standing	45F5EA	9EFFF9
saki_halo	サキ	srt	511	1298	false	standing	51F545	A5FF9E
miyako_halo	ミヤコ	srt	466	1280	false	standing	45DBF5	9EF1FF
miyu_halo	ミユ	srt	606	1304	false	standing	F54564	FF9EAF
moe_halo	モエ	srt	610	943	false	standing	F5BE45	FFE19E
otogi_halo	オトギ	srt	851	1089	false	standing	C9F545	E7FF9E
kurumi_halo	クルミ	srt	567	1163	false	standing	B1F545	DAFF9E
niko_halo	ニコ	srt	486	1391	false	standing	45AFF5	9ED9FF
ren_halo	連邦生徒会長	council	500	1474	true	existing	4590F5	9EC7FF
hatsune_miku_halo	初音ミク	collaboration	912	1280	false	standing	45E6F5	9EF7FF
misaka_mikoto_halo	御坂美琴	collaboration	356	1147	false	standing	45DAF5	9EF0FF
shokuhou_misaki_halo	食蜂操祈	collaboration	557	1204	false	standing	F55745	FFA89E
saten_ruiko_halo	佐天涙子	collaboration	438	1171	false	standing	F5D145	FFEB9E
